./MANIFEST.sha256	11570 bytes
./MANIFEST.tsv	0 bytes
./README.md	1948 bytes
./assets/venom.jpg	2110869 bytes
./notes/CHAT_EXPORT.md	3746 bytes
./notes/build_manifest.py	2564 bytes
./notes/download_judas_photos.sh	1206 bytes
./notes/extract_recursive.sh	896 bytes
./notes/unzip_all.sh	222 bytes
./project/.gitignore	1384 bytes
./project/.gitkeep	0 bytes
./project/.prettierignore	42 bytes
./project/.prettierrc	310 bytes
./project/.project-config.json	2526 bytes
./project/client/index.html	78225 bytes
./project/client/public/.gitkeep	0 bytes
./project/client/public/__manus__/debug-collector.js	25168 bytes
./project/client/public/banner.jpg	91981 bytes
./project/client/public/extracted_1.jpg	149878 bytes
./project/client/public/hero.jpg	92001 bytes
./project/client/public/index.html	336457 bytes
./project/client/public/logo.png	149878 bytes
./project/client/public/og.png	108803 bytes
./project/client/src/App.tsx	1182 bytes
./project/client/src/components/ErrorBoundary.tsx	1688 bytes
./project/client/src/components/ManusDialog.tsx	2370 bytes
./project/client/src/components/Map.tsx	4932 bytes
./project/client/src/components/ui/accordion.tsx	2048 bytes
./project/client/src/components/ui/alert-dialog.tsx	3866 bytes
./project/client/src/components/ui/alert.tsx	1622 bytes
./project/client/src/components/ui/aspect-ratio.tsx	269 bytes
./project/client/src/components/ui/avatar.tsx	1090 bytes
./project/client/src/components/ui/badge.tsx	1639 bytes
./project/client/src/components/ui/breadcrumb.tsx	2371 bytes
./project/client/src/components/ui/button-group.tsx	2220 bytes
./project/client/src/components/ui/button.tsx	2097 bytes
./project/client/src/components/ui/calendar.tsx	7663 bytes
./project/client/src/components/ui/card.tsx	1997 bytes
./project/client/src/components/ui/carousel.tsx	5603 bytes
./project/client/src/components/ui/chart.tsx	10113 bytes
./project/client/src/components/ui/checkbox.tsx	1218 bytes
./project/client/src/components/ui/collapsible.tsx	791 bytes
./project/client/src/components/ui/command.tsx	4838 bytes
./project/client/src/components/ui/context-menu.tsx	8284 bytes
./project/client/src/components/ui/dialog.tsx	6024 bytes
./project/client/src/components/ui/drawer.tsx	4255 bytes
./project/client/src/components/ui/dropdown-menu.tsx	8434 bytes
./project/client/src/components/ui/empty.tsx	2406 bytes
./project/client/src/components/ui/field.tsx	6057 bytes
./project/client/src/components/ui/form.tsx	3801 bytes
./project/client/src/components/ui/hover-card.tsx	1525 bytes
./project/client/src/components/ui/input-group.tsx	5066 bytes
./project/client/src/components/ui/input-otp.tsx	2253 bytes
./project/client/src/components/ui/input.tsx	2728 bytes
./project/client/src/components/ui/item.tsx	4513 bytes
./project/client/src/components/ui/kbd.tsx	866 bytes
./project/client/src/components/ui/label.tsx	602 bytes
./project/client/src/components/ui/menubar.tsx	8405 bytes
./project/client/src/components/ui/navigation-menu.tsx	6680 bytes
./project/client/src/components/ui/pagination.tsx	2726 bytes
./project/client/src/components/ui/popover.tsx	1629 bytes
./project/client/src/components/ui/progress.tsx	731 bytes
./project/client/src/components/ui/radio-group.tsx	1459 bytes
./project/client/src/components/ui/resizable.tsx	2023 bytes
./project/client/src/components/ui/scroll-area.tsx	1637 bytes
./project/client/src/components/ui/select.tsx	6297 bytes
./project/client/src/components/ui/separator.tsx	690 bytes
./project/client/src/components/ui/sheet.tsx	4107 bytes
./project/client/src/components/ui/sidebar.tsx	21947 bytes
./project/client/src/components/ui/skeleton.tsx	279 bytes
./project/client/src/components/ui/slider.tsx	1988 bytes
./project/client/src/components/ui/sonner.tsx	561 bytes
./project/client/src/components/ui/spinner.tsx	335 bytes
./project/client/src/components/ui/switch.tsx	1168 bytes
./project/client/src/components/ui/table.tsx	2445 bytes
./project/client/src/components/ui/tabs.tsx	1963 bytes
./project/client/src/components/ui/textarea.tsx	2613 bytes
./project/client/src/components/ui/toggle-group.tsx	1936 bytes
./project/client/src/components/ui/toggle.tsx	1563 bytes
./project/client/src/components/ui/tooltip.tsx	1886 bytes
./project/client/src/const.ts	643 bytes
./project/client/src/contexts/ThemeContext.tsx	1467 bytes
./project/client/src/hooks/useComposition.ts	2333 bytes
./project/client/src/hooks/useMobile.tsx	584 bytes
./project/client/src/hooks/usePersistFn.ts	471 bytes
./project/client/src/index.css	19909 bytes
./project/client/src/lib/utils.ts	169 bytes
./project/client/src/main.tsx	157 bytes
./project/client/src/pages/Home.tsx	20538 bytes
./project/client/src/pages/NotFound.tsx	1756 bytes
./project/components.json	388 bytes
./project/export_todo.md	1032 bytes
./project/ideas.md	7744 bytes
./project/package.json	3354 bytes
./project/patches/wouter@3.7.1.patch	918 bytes
./project/pnpm-lock.yaml	260363 bytes
./project/server/index.ts	919 bytes
./project/shared/const.ts	99 bytes
./project/template.json	14350 bytes
./project/todo.md	759 bytes
./project/tsconfig.json	657 bytes
./project/tsconfig.node.json	479 bytes
./project/vite.config.ts	7501 bytes
./source-material/judasweb111.zip	19952806 bytes
./source-material/pasted_content.txt	82661 bytes
./source-material/pasted_content_2.txt	60000 bytes
./source-material/pasted_content_3.txt	55467 bytes
./source-material/pasted_content_4.txt	56990 bytes
./source-material/pasted_content_5.txt	82661 bytes
./source-material/pasted_content_6.txt	5460 bytes
./versions/CHECKPOINTS.md	683 bytes
